-- MySQL dump 10.13  Distrib 8.0.19, for Win64 (x86_64)
--
-- Host: localhost    Database: lab09
-- ------------------------------------------------------
-- Server version	11.3.2-MariaDB

/*!40101 SET @OLD_CHARACTER_SET_CLIENT=@@CHARACTER_SET_CLIENT */;
/*!40101 SET @OLD_CHARACTER_SET_RESULTS=@@CHARACTER_SET_RESULTS */;
/*!40101 SET @OLD_COLLATION_CONNECTION=@@COLLATION_CONNECTION */;
/*!50503 SET NAMES utf8mb4 */;
/*!40103 SET @OLD_TIME_ZONE=@@TIME_ZONE */;
/*!40103 SET TIME_ZONE='+00:00' */;
/*!40014 SET @OLD_UNIQUE_CHECKS=@@UNIQUE_CHECKS, UNIQUE_CHECKS=0 */;
/*!40014 SET @OLD_FOREIGN_KEY_CHECKS=@@FOREIGN_KEY_CHECKS, FOREIGN_KEY_CHECKS=0 */;
/*!40101 SET @OLD_SQL_MODE=@@SQL_MODE, SQL_MODE='NO_AUTO_VALUE_ON_ZERO' */;
/*!40111 SET @OLD_SQL_NOTES=@@SQL_NOTES, SQL_NOTES=0 */;

--
-- Table structure for table `entregan`
--

DROP TABLE IF EXISTS `entregan`;
/*!40101 SET @saved_cs_client     = @@character_set_client */;
/*!50503 SET character_set_client = utf8mb4 */;
CREATE TABLE `entregan` (
  `Fecha` datetime NOT NULL,
  `Clave` bigint(20) DEFAULT NULL,
  `RFC` varchar(15) DEFAULT NULL,
  `Numero` bigint(20) DEFAULT NULL,
  `Cantidad` bigint(20) DEFAULT NULL,
  PRIMARY KEY (`Fecha`),
  KEY `Clave` (`Clave`),
  KEY `RFC` (`RFC`),
  KEY `Numero` (`Numero`),
  CONSTRAINT `entregan_ibfk_1` FOREIGN KEY (`Clave`) REFERENCES `materiales` (`Clave`),
  CONSTRAINT `entregan_ibfk_2` FOREIGN KEY (`RFC`) REFERENCES `proveedores` (`RFC`),
  CONSTRAINT `entregan_ibfk_3` FOREIGN KEY (`Numero`) REFERENCES `proyectos` (`Numero`)
) ENGINE=InnoDB DEFAULT CHARSET=utf8mb4 COLLATE=utf8mb4_general_ci;
/*!40101 SET character_set_client = @saved_cs_client */;

--
-- Dumping data for table `entregan`
--

LOCK TABLES `entregan` WRITE;
/*!40000 ALTER TABLE `entregan` DISABLE KEYS */;
INSERT INTO `entregan` VALUES ('1997-03-09 00:00:00',1270,'DDDD800101',5008,546),('1998-03-01 00:00:00',1090,'BBBB800101',5010,421),('1998-04-02 00:00:00',1170,'BBBB800101',5017,180),('1998-05-06 00:00:00',1400,'AAAA800101',5010,116),('1998-06-06 00:00:00',1090,'BBBB800101',5010,612),('1998-06-11 00:00:00',1340,'CCCC800101',5016,674),('1998-07-02 00:00:00',1140,'GGGG800101',5005,651),('1998-07-04 00:00:00',1420,'CCCC800101',5002,603),('1998-08-01 00:00:00',1290,'FFFF800101',5009,132),('1998-08-05 00:00:00',1250,'BBBB800101',5010,690),('1998-08-07 00:00:00',1000,'AAAA800101',5000,165),('1998-09-01 00:00:00',1430,'DDDD800101',5007,13),('1998-09-04 00:00:00',1030,'DDDD800101',5016,139),('1998-12-03 00:00:00',1120,'EEEE800101',5007,167),('1998-12-06 00:00:00',1330,'BBBB800101',5017,558),('1998-12-09 00:00:00',1190,'DDDD800101',5019,94),('1998-12-10 00:00:00',1330,'BBBB800101',5013,554),('1999-02-08 00:00:00',1350,'DDDD800101',5015,261),('1999-02-09 00:00:00',1430,'DDDD800101',5003,576),('1999-03-12 00:00:00',1070,'HHHH800101',5012,503),('1999-04-02 00:00:00',1020,'CCCC800101',5017,8),('1999-04-03 00:00:00',1150,'HHHH800101',5015,458),('1999-04-06 00:00:00',1050,'FFFF800101',5014,90),('1999-05-06 00:00:00',1350,'DDDD800101',5015,330),('1999-05-11 00:00:00',1210,'FFFF800101',5001,43),('1999-06-05 00:00:00',1130,'FFFF800101',5006,673),('1999-07-01 00:00:00',1290,'FFFF800101',5006,336),('1999-07-03 00:00:00',1050,'FFFF800101',5014,623),('1999-08-03 00:00:00',1230,'HHHH800101',5012,115),('1999-08-08 00:00:00',1000,'AAAA800101',5019,254),('1999-09-02 00:00:00',1030,'DDDD800101',5003,202),('1999-09-05 00:00:00',1350,'DDDD800101',5015,272),('1999-09-06 00:00:00',1160,'AAAA800101',5019,244),('1999-09-08 00:00:00',1260,'CCCC800101',5009,631),('1999-10-02 00:00:00',1340,'CCCC800101',5016,11),('1999-10-03 00:00:00',1270,'DDDD800101',5007,506),('1999-10-05 00:00:00',1260,'CCCC800101',5006,460),('1999-11-02 00:00:00',1070,'HHHH800101',5007,2),('1999-11-12 00:00:00',1170,'BBBB800101',5018,53),('1999-12-01 00:00:00',1080,'AAAA800101',5008,86),('1999-12-11 00:00:00',1040,'EEEE800101',5004,263),('2000-01-04 00:00:00',1070,'HHHH800101',5012,516),('2000-01-06 00:00:00',1160,'AAAA800101',5016,162),('2000-01-08 00:00:00',1090,'BBBB800101',5009,73),('2000-02-01 00:00:00',1060,'GGGG800101',5013,692),('2000-02-08 00:00:00',1420,'CCCC800101',5008,278),('2000-03-02 00:00:00',1280,'EEEE800101',5007,331),('2000-03-05 00:00:00',1010,'BBBB800101',5001,528),('2000-03-08 00:00:00',1310,'HHHH800101',5019,463),('2000-04-02 00:00:00',1190,'DDDD800101',5016,356),('2000-04-05 00:00:00',1060,'GGGG800101',5006,324),('2000-05-02 00:00:00',1410,'BBBB800101',5001,601),('2000-05-03 00:00:00',1200,'EEEE800101',5000,177),('2000-05-11 00:00:00',1030,'DDDD800101',5016,295),('2000-06-04 00:00:00',1000,'AAAA800101',5019,7),('2000-06-05 00:00:00',1200,'EEEE800101',5015,585),('2000-06-08 00:00:00',1100,'CCCC800101',5009,466),('2000-07-03 00:00:00',1320,'AAAA800101',5018,413),('2000-07-11 00:00:00',1360,'EEEE800101',5016,364),('2000-08-04 00:00:00',1370,'FFFF800101',5013,575),('2000-09-02 00:00:00',1110,'DDDD800101',5008,292),('2000-10-06 00:00:00',1040,'EEEE800101',5015,546),('2000-10-07 00:00:00',1060,'GGGG800101',5013,47),('2000-10-14 00:00:00',1050,'FFFF800101',5005,503),('2000-11-08 00:00:00',1330,'BBBB800101',5017,93),('2000-11-10 00:00:00',1010,'BBBB800101',5018,667),('2000-12-02 00:00:00',1370,'FFFF800101',5017,44),('2000-12-08 00:00:00',1240,'AAAA800101',5011,366),('2001-01-02 00:00:00',1380,'GGGG800101',5012,147),('2001-01-06 00:00:00',1180,'CCCC800101',5017,216),('2001-02-09 00:00:00',1140,'GGGG800101',5005,583),('2001-03-03 00:00:00',1180,'CCCC800101',5017,334),('2001-03-04 00:00:00',1120,'EEEE800101',5012,215),('2001-03-11 00:00:00',1210,'FFFF800101',5014,70),('2001-04-05 00:00:00',1020,'CCCC800101',5017,478),('2001-06-07 00:00:00',1360,'EEEE800101',5014,37),('2001-06-08 00:00:00',1170,'BBBB800101',5018,517),('2001-06-09 00:00:00',1210,'FFFF800101',5014,479),('2001-07-07 00:00:00',1120,'EEEE800101',5007,692),('2001-08-02 00:00:00',1290,'FFFF800101',5006,279),('2001-08-11 00:00:00',1390,'HHHH800101',5011,697),('2001-10-08 00:00:00',1150,'HHHH800101',5004,453),('2001-10-09 00:00:00',1100,'CCCC800101',5010,699),('2001-12-02 00:00:00',1420,'CCCC800101',5008,444),('2001-12-07 00:00:00',1140,'GGGG800101',5014,219),('2002-02-10 00:00:00',1310,'HHHH800101',5019,199),('2002-02-12 00:00:00',1340,'CCCC800101',5014,324),('2002-03-03 00:00:00',1380,'GGGG800101',5018,302),('2002-03-05 00:00:00',1410,'BBBB800101',5009,467),('2002-04-04 00:00:00',1130,'FFFF800101',5013,63),('2002-04-07 00:00:00',1220,'GGGG800101',5013,658),('2002-05-06 00:00:00',1370,'FFFF800101',5013,423),('2002-05-11 00:00:00',1410,'BBBB800101',5009,461),('2002-06-01 00:00:00',1390,'HHHH800101',5011,308),('2002-06-07 00:00:00',1130,'FFFF800101',5006,562),('2002-07-04 00:00:00',1360,'EEEE800101',5014,265),('2002-07-05 00:00:00',1100,'CCCC800101',5009,523),('2002-07-11 00:00:00',1080,'AAAA800101',5011,699),('2002-07-12 00:00:00',1280,'EEEE800101',5007,448),('2002-08-02 00:00:00',1160,'AAAA800101',5019,665),('2002-08-07 00:00:00',1250,'BBBB800101',5005,71),('2002-09-12 00:00:00',1230,'HHHH800101',5012,312),('2002-10-06 00:00:00',1300,'GGGG800101',5005,521),('2002-12-03 00:00:00',1400,'AAAA800101',5000,382),('2002-12-04 00:00:00',1310,'HHHH800101',5011,72),('2002-12-07 00:00:00',1040,'EEEE800101',5015,540),('2003-01-02 00:00:00',1220,'GGGG800101',5002,24),('2003-01-06 00:00:00',1080,'AAAA800101',5011,429),('2003-01-09 00:00:00',1150,'HHHH800101',5004,270),('2003-02-02 00:00:00',1300,'GGGG800101',5005,457),('2003-02-06 00:00:00',1180,'CCCC800101',5018,407),('2003-05-07 00:00:00',1020,'CCCC800101',5002,582),('2003-05-08 00:00:00',1240,'AAAA800101',5011,549),('2003-06-01 00:00:00',1230,'HHHH800101',5003,530),('2003-07-03 00:00:00',1190,'DDDD800101',5016,622),('2003-08-01 00:00:00',1300,'GGGG800101',5010,119),('2003-10-02 00:00:00',1260,'CCCC800101',5009,2),('2003-12-01 00:00:00',1240,'AAAA800101',5004,152),('2004-05-03 00:00:00',1010,'BBBB800101',5018,523),('2004-05-07 00:00:00',1280,'EEEE800101',5008,107),('2005-04-06 00:00:00',1110,'DDDD800101',5011,368);
/*!40000 ALTER TABLE `entregan` ENABLE KEYS */;
UNLOCK TABLES;

--
-- Table structure for table `materiales`
--

DROP TABLE IF EXISTS `materiales`;
/*!40101 SET @saved_cs_client     = @@character_set_client */;
/*!50503 SET character_set_client = utf8mb4 */;
CREATE TABLE `materiales` (
  `Clave` bigint(20) NOT NULL,
  `Descripcion` varchar(100) DEFAULT NULL,
  `Precio` int(11) DEFAULT NULL,
  PRIMARY KEY (`Clave`)
) ENGINE=InnoDB DEFAULT CHARSET=utf8mb4 COLLATE=utf8mb4_general_ci;
/*!40101 SET character_set_client = @saved_cs_client */;

--
-- Dumping data for table `materiales`
--

LOCK TABLES `materiales` WRITE;
/*!40000 ALTER TABLE `materiales` DISABLE KEYS */;
INSERT INTO `materiales` VALUES (1000,'Varilla 3/16',100),(1010,'Varilla 4/32',115),(1020,'Varilla 3/17',130),(1030,'Varilla 4/33',145),(1040,'Varilla 3/18',160),(1050,'Varilla 4/34',175),(1060,'Varilla 3/19',190),(1070,'Varilla 4/35',205),(1080,'Ladrillos rojos',50),(1090,'Ladrillos grises',35),(1100,'Block',30),(1110,'Megablock',40),(1120,'Sillar rosa',100),(1130,'Sillar gris',110),(1140,'Cantera blanca',200),(1150,'Cantera gris',1210),(1160,'Cantera rosa',1420),(1170,'Cantera amarilla',230),(1180,'Recubrimiento P1001',200),(1190,'Recubrimiento P1010',220),(1200,'Recubrimiento P1019',240),(1210,'Recubrimiento P1028',250),(1220,'Recubrimiento P1037',280),(1230,'Cemento ',300),(1240,'Arena',200),(1250,'Grava',100),(1260,'Gravilla',90),(1270,'Tezontle',80),(1280,'Tepetate',34),(1290,'Tubería 3.5',200),(1300,'Tubería 4.3',210),(1310,'Tubería 3.6',220),(1320,'Tubería 4.4',230),(1330,'Tubería 3.7',240),(1340,'Tubería 4.5',250),(1350,'Tubería 3.8',260),(1360,'Pintura C1010',125),(1370,'Pintura B1020',125),(1380,'Pintura C1011',725),(1390,'Pintura B1021',125),(1400,'Pintura C1011',125),(1410,'Pintura B1021',125),(1420,'Pintura C1012',125),(1430,'Pintura B1022',125);
/*!40000 ALTER TABLE `materiales` ENABLE KEYS */;
UNLOCK TABLES;

--
-- Table structure for table `proveedores`
--

DROP TABLE IF EXISTS `proveedores`;
/*!40101 SET @saved_cs_client     = @@character_set_client */;
/*!50503 SET character_set_client = utf8mb4 */;
CREATE TABLE `proveedores` (
  `RFC` varchar(15) NOT NULL,
  `RazonSocial` varchar(100) DEFAULT NULL,
  PRIMARY KEY (`RFC`)
) ENGINE=InnoDB DEFAULT CHARSET=utf8mb4 COLLATE=utf8mb4_general_ci;
/*!40101 SET character_set_client = @saved_cs_client */;

--
-- Dumping data for table `proveedores`
--

LOCK TABLES `proveedores` WRITE;
/*!40000 ALTER TABLE `proveedores` DISABLE KEYS */;
INSERT INTO `proveedores` VALUES ('AAAA800101','La fragua'),('BBBB800101','Oviedo'),('CCCC800101','La Ferre'),('DDDD800101','Cecoferre'),('EEEE800101','Alvin'),('FFFF800101','Comex'),('GGGG800101','Tabiquera del centro'),('HHHH800101','Tubasa');
/*!40000 ALTER TABLE `proveedores` ENABLE KEYS */;
UNLOCK TABLES;

--
-- Table structure for table `proyectos`
--

DROP TABLE IF EXISTS `proyectos`;
/*!40101 SET @saved_cs_client     = @@character_set_client */;
/*!50503 SET character_set_client = utf8mb4 */;
CREATE TABLE `proyectos` (
  `Numero` bigint(20) NOT NULL,
  `Denominacion` varchar(100) DEFAULT NULL,
  PRIMARY KEY (`Numero`)
) ENGINE=InnoDB DEFAULT CHARSET=utf8mb4 COLLATE=utf8mb4_general_ci;
/*!40101 SET character_set_client = @saved_cs_client */;

--
-- Dumping data for table `proyectos`
--

LOCK TABLES `proyectos` WRITE;
/*!40000 ALTER TABLE `proyectos` DISABLE KEYS */;
INSERT INTO `proyectos` VALUES (5000,'Vamos Mexico'),(5001,'Aztecón'),(5002,'CIT Campeche'),(5003,'Mexico sin ti no estamos completos'),(5004,'Educando en Coahuila'),(5005,'Infonavit Durango'),(5006,'Reconstrucción del templo de Guadalupe'),(5007,'Construcción de plaza Magnolias'),(5008,'Televisa en acción'),(5009,'Disco Atlantic'),(5010,'Construcción de Hospital Infantil'),(5011,'Remodelación de aulas del IPP'),(5012,'Restauración de instalaciones del CEA'),(5013,'Reparación de la plaza Sonora'),(5014,'Remodelación de Soriana'),(5015,'CIT Yucatan'),(5016,'Ampliación de la carretera a la huasteca'),(5017,'Reparación de la carretera del sol'),(5018,'Tu cambio por la educacion'),(5019,'Queretaro limpio');
/*!40000 ALTER TABLE `proyectos` ENABLE KEYS */;
UNLOCK TABLES;

--
-- Dumping routines for database 'lab09'
--
/*!40103 SET TIME_ZONE=@OLD_TIME_ZONE */;

/*!40101 SET SQL_MODE=@OLD_SQL_MODE */;
/*!40014 SET FOREIGN_KEY_CHECKS=@OLD_FOREIGN_KEY_CHECKS */;
/*!40014 SET UNIQUE_CHECKS=@OLD_UNIQUE_CHECKS */;
/*!40101 SET CHARACTER_SET_CLIENT=@OLD_CHARACTER_SET_CLIENT */;
/*!40101 SET CHARACTER_SET_RESULTS=@OLD_CHARACTER_SET_RESULTS */;
/*!40101 SET COLLATION_CONNECTION=@OLD_COLLATION_CONNECTION */;
/*!40111 SET SQL_NOTES=@OLD_SQL_NOTES */;

-- Dump completed on 2024-04-16  8:58:33
